{ "sol": { "mass": 1.9891e30,
           "mean radius": 6.96e9,
           "satellites": { "mercury": { "mass": 3.3022e23,
                                        "mean radius":  2.4397e6,
                                        "orbit": { "semi-major axis": 5.79091e10 ,
                                                   "eccentricity": 0.205630,
                                                   "period": 7.60053024e6 } },
                           "venus": { "mass": 4.8685e24,
                                      "mean radius": 6.0518e6,
                                      "orbit": { "semi-major axis": 1.0820893e11,
                                                 "eccentricity": 0.0068,
                                                 "period": 1.94141396e7 } },
                           "earth": { "mass": 5.9736e24,
                                      "mean radius": 6.371e6,
                                      "orbit": { "semi-major axis": 1.495978875e11,
                                                 "eccentricity": 0.016710219,
                                                 "period": 3.155815e7 },
                                      "satellites": { "luna": { "mass": 7.3477e22,
                                                                "mean radius": 1.7371e6,
                                                                "orbit": { "semi-major axis": 3.84399e8,
                                                                           "eccentricity": 0.0549,
                                                                           "period": 2.36058468e6 } } } },
                           "mars": { "mass": 6.4185e23,
                                     "mean radius": 3.3862e6,
                                     "orbit": { "semi-major axis": 2.279391e11,
                                                "eccentricity": 0.093315,
                                                "period": 5.93542944e7 } },
                           "jupiter": { "mass": 1.8986e27,
                                        "mean radius": 6.9173e7,
                                        "orbit": { "semi-major axis": 7.785472e11,
                                                   "eccentricity": 0.048775,
                                                   "period": 3.74247821e8 } },
                           "saturn": { "mass": 5.6846e26,
                                       "mean radius": 5.7316e7,
                                       "orbit": { "semi-major axis": 1.43344937e12,
                                                  "eccentricity": 0.055723219,
                                                  "period": 9.29596608e8 } },
                           "uranus": { "mass": 8.6810e25,
                                       "mean radius": 2.5266e7,
                                       "orbit": { "semi-major axis": 2.876679082e12,
                                                  "eccentricity": 0.044405586,
                                                  "period": 2.661041808e9 } },
                           "neptune": { "mass": 1.0243e26,
                                        "mean radius": 2.45525e7,
                                        "orbit": { "semi-major axis": 4.503443661e12,
                                                   "eccentricity": 0.011214269,
                                                   "period": 5.200416e9 } } } } }
